Long,Lat,STABR,FSCSKEY,LIBID,LIBNAME,ADDRESS,CITY,ZIP,ZIP4,ADDRES_M,CITY_M,ZIP_M,ZIP4_M,CNTY,PHONE,C_RELATN,C_LEGBAS,C_ADMIN,C_FSCS,GEOCODE,LSABOUND,STARTDAT,ENDDATE,POPU_LSA,POPU_UND,CENTLIB,BRANLIB,BKMOB,MASTER,LIBRARIA,OTHPAID,TOTSTAFF,LOCGVT,STGVT,FEDGVT,OTHINCM,TOTINCM,SALARIES,BENEFIT,STAFFEXP,PRMATEXP,ELMATEXP,OTHMATEX,TOTEXPCO,OTHOPEXP,TOTOPEXP,LCAP_REV,SCAP_REV,FCAP_REV,OCAP_REV,CAP_REV,CAPITAL,BKVOL,EBOOK,AUDIO_PH,AUDIO_DL,VIDEO_PH,VIDEO_DL,EC_LO_OT,EC_ST,ELECCOLL,SUBSCRIP,HRS_OPEN,VISITS,REFERENC,REGBOR,TOTCIR,KIDCIRCL,ELMATCIR,PHYSCIR,ELINFO,ELCONT,TOTCOLL,LOANTO,LOANFM,TOTPRO,KIDPRO,YAPRO,TOTATTEN,KIDATTEN,YAATTEN,GPTERMS,PITUSR,WIFISESS,YR_SUB,RSTATUS,STATSTRU,LONGITUD,LATITUDE,LOCALE_ADD,REAPLOCALE_ADD,Data_Year,FID_L0USA_Counties_Generalized,GlobalID
-81.79995999999994,24.557450000000074,FL,FL0048,FSCS5051,MONROE COUNTY PUBLIC LIBRARY SYSTEM,700 FLEMING STREET,KEY LARGO,33037,M,101485 OVERSEAS HIGHWAY,KEY LARGO,33037,4553,MONROE,3058537349.0,NO,CO,MO,Y,CO1,N,10/01/2016,09/30/2017,76889,75595,1,4,0,8.0,13.0,28.75,41.75,3205699,81529,0,94528,3381756,1890845,787084,2677929,96813,42909,25903,165625,375992,3219546,0,0,0,0,0,0,164863,5263,13946,897,24120,0,3,70,73,228,13660,355290,122073,38669,294457,78662,27839,266618,-1,27839,294457,159,1079,1674,947,169,44751,29819,2334,64,79405,83977,2017,1,0,-81.79996,24.55745,33,6,2017,-1,{6acd8cc2-05bc-4b73-87df-6070e12e76ae}
-80.19639099999995,25.774088000000063,FL,FL0025,FSCS5023,MIAMI-DADE PUBLIC LIBRARY SYSTEM,101 WEST FLAGLER STREET,MIAMI,33130,1535,101 WEST FLAGLER STREET,MIAMI,33130,1535,MIAMI-DADE,3053755016.0,NO,CO,MO,Y,CO2,N,10/01/2016,09/30/2017,2372439,2332519,1,49,3,126.0,137.0,380.0,517.0,62414282,1376980,0,1014934,64806196,23351305,9119001,32470306,2096348,882272,1200382,4179002,22752688,59401996,0,0,0,0,0,1308143,2772474,255760,75903,13284666,239095,55513,78,70,148,1459,116506,5473200,3316917,1253076,3939170,2015530,367181,3571989,408994,776175,4348164,333,367,16211,8533,2472,261090,130843,19715,2110,867774,-1,2017,1,0,-80.196391,25.774088,11,1,2017,2939,{beebf97a-ab25-4454-bbfa-1859f0bfc2f7}
-80.28587099999999,25.866724000000033,FL,FL0023,FSCS5021,HIALEAH PUBLIC LIBRARIES,190 WEST 49 STREET,HIALEAH,33012,3712,190 WEST 49 STREET,HIALEAH,33012,3712,MIAMI-DADE,3058212700.0,NO,CI,MO,Y,CI1,N,10/01/2016,09/30/2017,236114,232141,1,5,0,6.0,16.5,4.0,20.5,1718266,43000,0,25000,1786266,660141,490447,1150588,31414,9448,937,41799,240405,1432792,0,0,0,0,0,84002,143168,14181,1688,0,6474,0,0,70,70,65,6662,170862,209390,43395,45489,19575,204,45364,34806,35010,80374,1812,0,2713,508,59,22172,4460,504,196,55048,-1,2017,2,0,-80.285871,25.866724,21,3,2017,2939,{30f67fc5-ba59-45c4-8b17-44e698f8e0cd}
-80.19356199999999,25.867282000000046,FL,FL0022,FSCS5020,BROCKWAY MEMORIAL LIBRARY,10021 NORTHEAST SECOND AVENUE,MIAMI SHORES,33138,2303,10021 NORTHEAST SECOND AVENUE,MIAMI SHORES,33138,2303,MIAMI-DADE,3057588107.0,NO,CI,SO,Y,CI1,N,10/01/2016,09/30/2017,10761,10580,1,0,0,0.62,2.67,1.98,4.65,251134,10989,0,10404,272527,133697,39760,173457,21785,5033,6316,33134,63274,269865,0,0,0,0,0,27701,-1,36876,1205,21037,2131,1303,7,70,77,67,2047,36470,5613,7087,-1,16281,-1,-1,-1,-1,-1,575,608,205,120,0,4370,2988,0,14,9100,-1,2017,4,0,-80.193562,25.867282,21,3,2017,2939,{8e890a98-a959-453d-ba3c-d41f373f5205}
-80.18187799999998,25.89689100000004,FL,FL0103,FSCS5025,NORTH MIAMI PUBLIC LIBRARY,835 N.E. 132ND STREET,NORTH MIAMI,33161,4116,835 N.E. 132ND STREET,NORTH MIAMI,33161,4116,MIAMI-DADE,3058915535.0,NO,CI,SO,Y,CI1,N,10/01/2016,09/30/2017,63780,62707,1,0,0,3.2,3.2,4.05,7.25,1030880,25107,0,3549,1059536,417856,199386,617242,29444,21725,0,51169,267663,936074,50000,0,0,0,50000,68998,73843,165,702,0,2225,0,4,70,74,38,2450,105220,11045,30173,28988,15109,4132,24856,-1,4132,28988,2053,0,669,341,57,21827,15184,1087,23,36562,-1,2017,2,0,-80.181878,25.896891,21,3,2017,2939,{71a08f30-8ee8-4352-84a0-b05eb96e2e7c}
-80.16830799999997,25.926841000000024,FL,FL0024,FSCS5022,NORTH MIAMI BEACH PUBLIC LIBRARY,1601 NORTHEAST 164TH STREET,NORTH MIAMI BEACH,33162,4016,1601 NORTHEAST 164TH STREET,NORTH MIAMI BEACH,33162,4016,MIAMI-DADE,3059482970.0,NO,CI,SO,Y,CI1,N,10/01/2016,09/30/2017,45437,44672,1,0,0,4.0,4.3,11.0,15.3,883452,23183,0,0,906635,489891,107220,597111,25227,19500,2930,47657,195157,839925,0,0,0,0,0,43526,25227,11000,1089,201,5751,33,4,70,74,48,3040,263462,92899,38541,350773,126737,6853,-1,-1,6853,-1,0,1,306,161,38,16545,9182,799,45,28649,48477,2017,2,0,-80.168308,25.926841,21,3,2017,2939,{2a0edc9c-8345-49d3-b233-5fdd5e67b1df}
-80.14343499999995,26.12138900000008,FL,FL0012,FSCS5010,BROWARD COUNTY LIBRARIES DIVISION,100 S. ANDREWS AVE,FORT LAUDERDALE,33301,1830,100 S. ANDREWS AVE,FORT LAUDERDALE,33301,1830,BROWARD,9543577237.0,ME,CO,MO,Y,CO1,N,10/01/2016,09/30/2017,1873970,1842438,1,37,0,245.0,245.0,405.5,650.5,57404609,1717129,577243,1629677,61328658,27902394,11421810,39324204,2851139,2181101,2321803,7354043,14634368,61312615,616000,0,0,0,616000,686237,2350755,98820,276519,631902,421478,24671,33,70,103,2129,94599,7616931,1804754,759700,8239143,2517476,1801845,6437298,346549,2148394,8585692,9941,19975,20348,8106,1802,535707,278220,66857,2224,1637732,561780,2017,1,0,-80.143435,26.121389,12,2,2017,2937,{3e247bdf-45d3-41f6-9d95-9369b5f65e27}
-80.22772399999997,26.128272000000038,FL,FL0257,FSCS5011,HELEN B. HOFFMAN PLANTATION LIBRARY,501 N. FIG TREE LANE,PLANTATION,33317,1849,501 N. FIG TREE LANE,PLANTATION,33317,1849,BROWARD,9547972140.0,NO,CI,SO,Y,CI1,N,10/01/2016,09/30/2017,88619,87128,1,0,0,2.0,6.0,6.0,12.0,827373,0,0,35000,862373,455811,294089,749900,47600,11500,1800,60900,80000,890800,0,0,0,0,0,0,61100,292,926,4,1003,0,0,70,70,72,2814,95494,52643,16696,57802,25636,-1,-1,-1,-1,-1,0,0,257,170,0,28804,18283,0,9,10093,-1,2017,2,0,-80.227724,26.128272,21,3,2017,2937,{e0fcc6d8-8e2c-48cd-896a-6710877439db}
-80.14008699999994,26.15928400000007,FL,FL0016,FSCS5014,RICHARD C. SULLIVAN PUBLIC LIBRARY OF WILTON MANORS,500 N.E. 26TH STREET,WILTON MANORS,33305,1141,500 N.E. 26TH STREET,WILTON MANORS,33305,1141,BROWARD,9543902195.0,NO,CI,SO,Y,CI1,N,10/01/2016,09/30/2017,12662,12449,1,0,0,3.58,4.58,2.58,7.16,737045,19693,0,0,756738,434544,192912,627456,36399,8914,6755,52068,58393,737917,5000,0,0,0,5000,14294,31875,5670,2038,439,2213,35,8,70,78,116,2180,29671,6605,14874,40117,14234,1413,40117,-1,1413,41530,369,798,109,98,0,3242,3088,0,12,14734,-1,2017,2,0,-80.140087,26.159284,21,3,2017,2937,{81620a54-e7b6-418c-b023-9e59ceb53b3c}
-80.12973799999997,26.173219000000074,FL,FL0014,FSCS5013,ETHEL M. GORDON OAKLAND PARK LIBRARY,1298 N.E. 37TH STREET,OAKLAND PARK,33334,4569,1298 N.E. 37TH STREET,OAKLAND PARK,33334,4569,BROWARD,9546304366.0,NO,CI,SO,Y,CI1,N,10/01/2016,09/30/2017,44409,43662,1,0,0,4.0,4.0,2.0,6.0,642786,17170,0,8216,668172,313683,111576,425259,38549,11980,7608,58137,192935,676331,0,0,0,0,0,0,50157,11755,2680,441,6063,469,5,70,75,130,2592,45000,21776,33337,60388,16236,3000,57388,2919,5919,63307,0,240,415,320,20,4384,3692,191,25,15916,-1,2017,2,0,-80.129738,26.173219,21,3,2017,2937,{3479e6d2-c0b6-4481-9ffa-f899c5fef45c}
-81.76974999999999,26.232871000000046,FL,FL0020,FSCS5018,COLLIER COUNTY PUBLIC LIBRARY,2385 ORANGE BLOSSOM DRIVE,NAPLES,34109,8840,2385 ORANGE BLOSSOM DRIVE,NAPLES,34109,8840,COLLIER,2395933511.0,ME,CO,MO,Y,CO1,N,10/01/2016,09/30/2017,357470,351455,1,9,0,24.0,24.0,67.5,91.5,7902918,221236,0,333892,8458046,3569707,1581111,5150818,704465,454136,144567,1303168,2037433,8491419,0,0,0,0,0,0,371694,81205,24362,4146,72556,3225,13,70,83,713,23460,1285052,333617,217478,2042199,449284,260511,1781688,151352,411863,2193551,1740,1615,2288,1417,136,71101,33825,1748,154,137706,134580,2017,1,0,-81.76975,26.232871,21,4,2017,83,{9abd3dbb-5add-4989-8f92-bf7c18185120}
-80.09393899999998,26.27768400000008,FL,FL0013,FSCS5012,DOREEN GAUTHIER LIGHTHOUSE POINT LIBRARY,2200 N.E. 38TH STREET,LIGHTHOUSE POINT,33064,3950,2200 N.E. 38TH STREET,LIGHTHOUSE POINT,33064,3950,BROWARD,9549466398.0,NO,CI,SO,Y,CI1,N,10/01/2016,09/30/2017,10526,10349,1,0,0,2.0,2.0,1.75,3.75,346198,0,24219,3150,373567,226259,66400,292659,39000,6000,3500,48500,37156,378315,0,0,0,0,0,0,42530,5981,1223,438,1219,26,8,70,78,87,2520,35000,5491,5695,41272,20000,942,-1,3447,4389,-1,0,0,517,118,24,5256,2567,235,11,5580,1303,2017,2,0,-80.093939,26.277684,21,3,2017,2937,{74b0cbe9-5c83-4d5f-af08-120c9faa8bc7}
-80.25243799999998,26.314107000000035,FL,FL0240,FL0240,PARKLAND LIBRARY,6620 UNIVERSITY DRIVE,PARKLAND,33067,2500,6620 UNIVERSITY DRIVE,PARKLAND,33067,2500,BROWARD,9547574200.0,NO,CI,SO,Y,CI1,N,10/01/2016,09/30/2017,31476,30946,1,0,0,1.71,4.77,6.26,11.03,620521,70454,1876,27878,720729,339843,107838,447681,43710,10729,11447,65886,183028,696595,0,0,0,0,0,97658,-1,44883,2642,24062,4806,1666,6,70,76,111,1848,89318,14226,16205,-1,32869,-1,-1,-1,-1,-1,1119,911,380,206,0,7294,4801,0,31,19926,-1,2017,4,0,-80.252438,26.314107,21,3,2017,2937,{fc924ef4-6382-4d6a-b93b-1ab7de9fae7a}
-80.11418699999996,26.386654000000078,FL,FL0056,FSCS5063,BOCA RATON PUBLIC LIBRARY,1501 NW SPANISH RIVER BLVD.,BOCA RATON,33431,4499,1501 NW SPANISH RIVER BLVD.,BOCA RATON,33431,4499,PALM BEACH,5613937852.0,NO,CI,MO,Y,CI1,N,10/01/2016,09/30/2017,91797,90252,0,2,0,8.0,9.0,67.5,76.5,4802500,0,0,1130,4803630,2397800,640000,3037800,288415,204689,116248,609352,1155348,4802500,0,0,0,0,0,0,175185,232977,20834,326128,37396,15697,28,70,98,410,7344,524934,247223,33161,776505,318359,81100,695405,134325,215425,910830,1509,197,1775,1067,24,49078,32796,280,82,78364,-1,2017,1,0,-80.114187,26.386654,13,2,2017,2940,{93ad5760-9571-49b4-9365-8a5b20c3e90e}
-80.06487099999998,26.410937000000047,FL,FL0133,FSCS5066,HIGHLAND BEACH LIBRARY,3618 S. OCEAN BLVD.,HIGHLAND BEACH,33487,3393,3618 S. OCEAN BLVD.,HIGHLAND BEACH,33487,3393,PALM BEACH,5612785455.0,NO,CI,SO,Y,CI1,N,10/01/2016,09/30/2017,3609,3548,1,0,0,0.13,1.25,0.7,1.95,64332,1485,0,2884,68701,-9,-9,-9,6388,581,1665,8634,-9,78119,0,0,0,0,0,1510,-1,28184,464,21419,1083,1118,1,70,71,49,1678,12898,3013,3351,-1,3663,-1,-1,-1,-1,-1,234,236,68,40,0,1104,787,0,11,4061,-1,2017,4,0,-80.064871,26.410937,21,3,2017,-1,{cec4d5f5-0576-4ae3-8069-87067b650ebf}
-82.07187899999997,26.44029000000006,FL,FL0043,FSCS5046,SANIBEL PUBLIC LIBRARY,770 DUNLOP ROAD,SANIBEL,33957,4016,770 DUNLOP ROAD,SANIBEL,33957,4016,LEE,2394722483.0,NO,LD,SO,Y,CI1,N,10/01/2016,09/30/2017,6659,6547,1,0,0,4.0,5.0,8.5,13.5,1672593,48700,0,176739,1898032,783531,205747,989278,59333,38963,30216,128512,762774,1880564,0,0,0,1893604,1893604,226815,43157,3641,4373,3000,6652,3000,10,70,80,200,2808,128002,10496,11452,129104,18180,20985,89938,-1,20985,110923,740,812,205,180,0,9261,2200,0,18,6985,24552,2017,2,0,-82.071879,26.44029,41,8,2017,-1,{42d8d2a0-1144-4134-897a-90171d4ae8a7}
-81.93923899999999,26.447452000000055,FL,FL0041,FSCS5044,FORT MYERS BEACH PUBLIC LIBRARY,2755 ESTERO BLVD.,FORT MYERS BEACH,33931,3504,2755 ESTERO BLVD.,FORT MYERS BEACH,33931,3504,LEE,2394639691.0,ME,CI,SO,Y,CI2,N,10/01/2016,09/30/2017,37273,36646,1,0,0,5.0,5.0,6.0,11.0,1374000,34244,0,47201,1455445,380452,86882,467334,42933,14111,14017,71061,599000,1137395,0,0,0,0,0,0,63199,700,7410,0,11669,0,1,70,71,172,2548,174415,890,6431,63442,5838,2177,-1,-1,2177,-1,708,74,342,74,5,5081,959,15,16,13046,9923,2017,1,0,-81.939239,26.447452,21,4,2017,-1,{9803f2e9-f744-4bb6-8235-3effe8bb9c4f}
-80.07421999999997,26.461550000000045,FL,FL0248,FL0248,DELRAY BEACH LIBRARY,100 WEST ATLANTIC AVENUE,DELRAY BEACH,33444,3662,100 WEST ATLANTIC AVENUE,DELRAY BEACH,33444,3662,PALM BEACH,5612660194.0,NO,CI,SO,Y,CI1,N,10/01/2016,09/30/2017,65804,64697,1,0,0,6.0,7.0,14.23,21.23,1785187,69445,0,782547,2637179,1009499,298453,1307952,197982,23000,24349,245331,656429,2209712,0,0,0,0,0,160095,130718,5924,4370,435,6198,32,6,70,76,300,3006,428451,42919,31351,168215,40277,10074,158141,12774,22848,180989,297,458,1506,516,0,19663,6881,0,63,43026,102200,2017,2,0,-80.07422,26.46155,13,2,2017,-1,{72934812-c4b4-4bc2-a716-f7ddcc1c0fae}
-80.06407499999995,26.52607900000004,FL,FL0247,FL0247,BOYNTON BEACH CITY LIBRARY,208 S. SEACREST BLVD.,BOYNTON BEACH,33435,4452,208 S. SEACREST BLVD.,BOYNTON BEACH,33435,4452,PALM BEACH,5617426380.0,NO,CI,SO,Y,CI1,N,10/01/2016,09/30/2017,73992,72747,1,0,0,9.0,9.0,17.5,26.5,2553650,71088,0,53118,2677856,1317023,569478,1886501,127104,44870,27447,199421,536664,2622586,0,0,0,0,0,0,113238,5924,7006,5737,13390,26,10,70,80,95,2838,262782,54289,26522,190044,61445,15440,174604,26989,42429,217033,984,35,544,228,141,12115,4537,2575,93,58065,72192,2017,1,0,-80.064075,26.526079,21,3,2017,-1,{6255389a-7e95-4ffc-a0af-e6f7ba453b7a}
-80.05260099999998,26.584479000000044,FL,FL0251,FL0251,LANTANA PUBLIC LIBRARY,205 WEST OCEAN AVENUE,LANTANA,33462,2863,205 WEST OCEAN AVENUE,LANTANA,33462,2863,PALM BEACH,5615405740.0,NO,CI,SO,Y,CI1,N,10/01/2016,09/30/2017,10797,10615,1,0,0,1.0,1.0,0.62,1.62,173509,4281,0,5302,183092,-9,-9,-9,22508,734,0,23242,-9,163772,0,0,0,0,0,0,24293,4900,0,0,0,0,5,70,75,66,2256,36592,5632,17671,12014,3364,273,11741,-1,273,12014,0,0,24,1,0,175,3,0,2,2479,1739,2017,2,0,-80.052601,26.584479,21,3,2017,-1,{3af562f4-6c02-4431-b41f-3b6c48c78d3c}
-80.05341399999998,26.61598900000007,FL,FL0250,FL0250,LAKE WORTH PUBLIC LIBRARY,15 NORTH M STREET,LAKE WORTH,33460,3814,15 NORTH M STREET,LAKE WORTH,33460,3814,PALM BEACH,5615337354.0,NO,CI,SO,Y,CI1,N,10/01/2016,09/30/2017,37946,37308,1,0,0,2.0,3.0,3.2,6.2,524465,13011,0,18000,555476,228218,85237,313455,50223,4090,5800,60113,211016,584584,0,0,0,0,0,0,45325,13732,820,30,1700,8,1,70,71,41,1952,55000,4959,15696,43343,15128,658,42663,-1,658,43321,132,95,261,233,0,7396,7168,0,15,22105,4600,2017,1,0,-80.053414,26.615989,21,3,2017,-1,{e8857cab-8650-406f-abd6-7f84e2ea170b}
-81.86559799999998,26.638591000000076,FL,FL0042,FL0042,LEE COUNTY LIBRARY SYSTEM,2345 UNION STREET,FORT MYERS,33901,3924,2345 UNION STREET,FORT MYERS,33901,3924,LEE,2395334800.0,ME,CO,MO,Y,CO1,N,10/01/2016,09/30/2017,698468,686715,0,14,1,74.0,80.0,135.0,215.0,34240937,1211706,0,2147657,37600300,8943938,3937904,12881842,2455776,1224153,665639,4345568,10221513,27448923,8107866,0,0,0,8107866,1343328,926488,362256,85866,354562,218180,16218,51,70,121,2013,33620,1165326,1165326,282935,6684562,2040240,1473481,5211081,344812,1818293,7029374,3741,6227,3982,1773,536,83703,44804,17174,542,359451,899804,2017,1,0,-81.865598,26.638591,13,2,2017,107,{d84573fb-1c4a-4bee-a381-997f7f29793f}
-80.09547099999997,26.64231200000006,FL,FL0252,FL0252,PALM SPRINGS PUBLIC LIBRARY,217 CYPRESS LANE,PALM SPRINGS,33461,1603,217 CYPRESS LANE,PALM SPRINGS,33461,1603,PALM BEACH,5619652204.0,NO,CI,SO,Y,CI1,N,10/01/2016,09/30/2017,23250,22859,1,0,0,2.0,2.0,8.6,10.6,728067,21633,2314,0,752014,401112,184297,585409,14134,6450,8627,29211,53303,667923,0,0,0,0,0,44609,47611,6114,1192,441,4411,0,2,70,72,85,3059,78896,32736,8786,37613,17225,1508,37613,-1,1508,39121,35,107,317,145,69,5134,2849,1067,24,27164,27164,2017,1,0,-80.095471,26.642312,21,3,2017,2940,{0796575d-21e2-4d8e-aac6-afce3861bd33}
-80.09802799999994,26.663628000000074,FL,FL0246,FL0246,PALM BEACH COUNTY LIBRARY SYSTEM,3650 SUMMIT BOULEVARD,WEST PALM BEACH,33406,4114,3650 SUMMIT BOULEVARD,WEST PALM BEACH,33406,4114,PALM BEACH,5612332600.0,NO,CO,MO,Y,CO2,N,10/01/2016,09/30/2017,930167,914516,1,17,1,126.0,126.0,349.3,475.3,46700585,1163494,817,3219015,51083911,19084462,7674004,26758466,4662927,1590441,1224319,7477687,9570467,43806620,3448516,0,0,225531,3674047,0,1604515,57710,104284,37685,213697,6682,44,70,114,3188,50772,4282754,1748088,648684,8302594,2706696,1259231,7048844,154663,1413894,8462738,5239,5474,10737,7486,546,258096,203416,5917,1112,892037,345695,2017,1,0,-80.098028,26.663628,21,3,2017,2940,{16da491a-29e5-4488-ab3f-29f226a5524b}
-80.05401299999994,26.71341700000005,FL,FL0254,FL0254,MANDEL PUBLIC LIBRARY OF WEST PALM BEACH,411 CLEMATIS ST.,WEST PALM BEACH,33401,5319,411 CLEMATIS ST.,WEST PALM BEACH,33401,5319,PALM BEACH,5618687700.0,NO,CI,SO,Y,CI1,N,10/01/2016,09/30/2017,110396,108538,1,0,0,21.5,21.5,22.5,44.0,4728928,115432,85000,416447,5345807,2241413,741156,2982569,245475,230182,143134,618791,1394673,4996033,293111,74303,0,10800,378214,211915,168612,8488,6757,1495,35983,0,1,70,71,237,3069,469409,85460,109658,696488,184298,60870,589135,46483,107353,696488,380,142,3289,1247,407,79824,37343,3253,213,153136,34075,2017,1,0,-80.054013,26.713417,12,2,2017,-1,{de9a58a0-b20f-4fb1-b000-bea5fd99a668}
-80.93436999999994,26.755791000000045,FL,FL0032,FSCS5034,HENDRY COUNTY LIBRARY SYSTEM,120 WEST OSCEOLA AVENUE,CLEWISTON,33440,2910,120 WEST OSCEOLA AVENUE,CLEWISTON,33440,2910,HENDRY,8639831493.0,ME,CO,MO,Y,CO1,N,10/01/2016,09/30/2017,39057,38400,1,2,0,1.0,3.0,4.0,7.0,391677,176785,4500,41122,614084,290387,113773,404160,28160,4198,0,32358,190719,627237,0,0,0,0,0,0,96873,7682,1622,0,2332,0,10,70,80,33,6812,83614,19152,31696,113633,29652,48743,-1,38201,86944,-1,508,322,836,477,0,12902,8829,0,86,19874,1863,2017,2,0,-80.93437,26.755791,33,6,2017,97,{13672fe8-66b4-4b72-91a8-cef65adc36af}
-80.06482399999999,26.783291000000077,FL,FL0253,FL0253,RIVIERA BEACH PUBLIC LIBRARY,600 W. BLUE HERON BLVD.,RIVIERA BEACH,33404,4311,P.O. BOX 11329,RIVIERA BEACH,33404,1329,PALM BEACH,5618454195.0,NO,CI,MO,Y,CI1,N,10/01/2016,09/30/2017,35057,34467,1,0,1,2.0,3.0,9.0,12.0,1013945,23043,0,5282,1042270,483572,186447,670019,55000,8476,0,63476,0,733495,0,0,0,0,0,0,45783,3470,683,113,2578,131,3,70,73,113,3210,60532,4123,10802,10161,3024,-1,-1,171570,171570,-1,0,6,185,167,7,4876,4734,16,30,20130,-1,2017,2,0,-80.064824,26.783291,21,3,2017,2940,{14dd4e96-698a-4ad3-ada5-d454292f1624}
-80.06328099999996,26.798522000000048,FL,FL0249,FL0249,LAKE PARK PUBLIC LIBRARY,529 PARK AVENUE,LAKE PARK,33403,2603,529 PARK AVENUE,LAKE PARK,33403,2603,PALM BEACH,5618813330.0,NO,CI,SO,Y,CI1,N,10/01/2016,09/30/2017,8784,8636,1,0,0,2.0,2.0,3.0,5.0,285818,6341,0,1400,293559,151437,72397,223834,22000,3000,3000,28000,45500,297334,0,0,0,0,0,5300,33724,2500,417,300,2610,0,2,70,72,20,2860,266442,1325,14307,10450,5700,2560,8674,52000,54560,63234,220,44,980,340,340,13260,3980,5200,12,52416,11000,2017,1,0,-80.063281,26.798522,21,3,2017,2940,{2b3797f5-8cd3-4460-a587-381edde7af62}
-80.05725799999999,26.810376000000076,FL,FL0058,FSCS5070,NORTH PALM BEACH PUBLIC LIBRARY,303 ANCHORAGE DRIVE,NORTH PALM BEACH,33408,4911,303 ANCHORAGE DRIVE,NORTH PALM BEACH,33408,4911,PALM BEACH,5618413383.0,NO,CI,SO,Y,CI1,N,10/01/2016,09/30/2017,12574,12362,1,0,0,2.0,2.0,8.5,10.5,798926,21137,0,9792,829855,444454,175324,619778,49193,17473,16646,83312,74510,777600,0,0,0,0,0,0,33502,7013,2945,528,4720,28,7,70,77,95,3010,84430,12948,7924,86815,18253,12853,73907,9885,22738,96645,323,327,872,495,111,17793,13241,950,14,14573,-1,2017,1,0,-80.057258,26.810376,21,3,2017,2940,{85ff9acd-7c6a-4ab6-aa6d-18dc4820b788}
-82.12307899999996,27.00192000000004,FL,FL0258,FL0258,CHARLOTTE COUNTY PUBLIC LIBRARY,2050 FORREST NELSON BOULEVARD,PORT CHARLOTTE,33952,2128,2050 FORREST NELSON BOULEVARD,PORT CHARLOTTE,33952,2128,CHARLOTTE,9416133200.0,NO,CO,MO,Y,CO1,N,10/01/2016,09/30/2017,172720,169814,1,4,0,10.0,10.0,35.23,45.23,4509011,129446,0,196323,4834780,1464489,549242,2013731,319287,235251,149087,703625,2117422,4834778,22979,0,0,0,22979,22979,202804,14817,23415,4619,39211,1952,8,70,78,245,9454,632408,129700,74830,929659,171964,99343,830316,121346,220689,1051005,1297,796,1735,561,125,37563,20832,1269,136,115243,-1,2017,1,0,-82.123079,27.00192,22,4,2017,80,{2e900ecd-3c67-4b39-a959-01de7f69b37b}
-80.22409799999997,27.194385000000068,FL,FL0047,FSCS5050,MARTIN COUNTY LIBRARY SYSTEM,2351 SE MONTEREY ROAD,STUART,34996,3331,2351 SE MONTEREY ROAD,STUART,34996,3331,MARTIN,7722194964.0,NO,CO,MO,Y,CO1,N,10/01/2016,09/30/2017,153022,150447,1,5,0,13.0,17.0,32.0,49.0,3313085,113571,0,379012,3805668,2264969,735111,3000080,331280,157984,77666,566930,85865,3652875,162497,0,0,0,162497,0,225252,6823,27916,3163,32725,0,15,70,85,3190,12795,688042,48801,99217,904316,188425,100057,804259,154283,254340,1058599,494,2233,3826,1333,150,81207,45807,4624,275,112763,319600,2017,1,0,-80.224098,27.194385,21,4,2017,2938,{07d729b2-0c8d-46a4-9bfd-f7896da3d133}
-82.53725899999995,27.334872000000075,FL,FL0093,FSCS5091,SARASOTA COUNTY PUBLIC LIBRARIES,1660 RINGLING BLVD.,SARASOTA,34236,6808,1660 RINGLING BLVD.,SARASOTA,34236,6808,SARASOTA,9418615450.0,NO,CO,MO,Y,CO1,N,10/01/2016,09/30/2017,407260,400407,0,9,0,37.0,38.0,116.9,154.9,10947236,298648,36849,0,11282733,5133407,1830370,6963777,754722,365963,0,1120685,2923006,11007468,10573000,500000,0,850000,11923000,8309599,545339,16359,52378,5641,74009,3879,28,70,98,2164,21060,1769422,249715,234517,2677810,840416,193107,2484703,334189,527296,3011999,0,0,3664,2394,922,113601,54578,10859,255,209709,180833,2017,1,0,-82.537259,27.334872,13,2,2017,-1,{59cbebaa-710e-4584-8dbb-83fdd4cdcdbe}
-80.32176099999998,27.44835100000006,FL,FL0092,FSCS5095,ST. LUCIE COUNTY LIBRARY SYSTEM,101 MELODY LANE,FORT PIERCE,34950,4402,101 MELODY LANE,FORT PIERCE,34950,4402,ST. LUCIE,7724621615.0,ME,CO,MO,Y,CO1,N,10/01/2016,09/30/2017,297634,292626,0,7,0,10.5,10.5,52.5,63.0,4563789,97099,0,72207,4733095,1896336,924299,2820635,326819,154220,94747,575786,776646,4173067,1947832,370200,0,300000,2618032,1676162,228596,5884,8337,907,22838,0,12,70,82,381,13610,561138,196685,178995,749037,279893,84822,664215,217185,302007,966222,933,1165,1502,905,23,32425,23343,918,130,87637,48780,2017,1,0,-80.321761,27.448351,21,4,2017,2941,{dae7f4dc-37d7-41ca-9890-e093aa10ca2f}
-81.44367899999997,27.494912000000056,FL,FL0150,FL0150,HEARTLAND LIBRARY COOPERATIVE,319 W. CENTER AVE.,SEBRING,33870,3109,319 W. CENTER AVE.,SEBRING,33870,3109,HIGHLANDS,8634026719.0,HQ,MJ,MO,Y,MC1,N,10/01/2016,09/30/2017,219412,215720,0,7,0,5.2,7.2,27.06,34.26,1265798,868335,0,155941,2290074,1081332,391585,1472917,162894,1184,41779,205857,634284,2313058,17928,0,0,0,17928,17928,452556,27745,16758,5339,49844,1933,8,70,78,450,13972,448472,30596,173663,670617,187731,337166,629485,337166,674332,1303817,1822,1039,1987,683,28,29634,12830,453,143,143895,18102,2017,1,0,-81.443679,27.494912,13,2,2017,99,{dd7f2b56-0a3e-4b3d-8df6-27cf0adf8bb9}
-82.57407799999999,27.499123000000054,FL,FL0046,FSCS5049,MANATEE COUNTY PUBLIC LIBRARY SYSTEM,"1301 BARCARROTA BLVD., WEST",BRADENTON,34205,7599,"1301 BARCARROTA BLVD., WEST",BRADENTON,34205,7599,MANATEE,9417485555.0,ME,CO,MO,Y,CO1,N,10/01/2016,09/30/2017,368782,362577,1,5,0,36.0,36.0,28.6,64.6,7287695,182411,0,168934,7639040,2591365,930040,3521405,260450,348230,82778,691458,3195145,7408008,490,0,0,0,490,17405,422025,76541,23922,44959,22238,11438,59,70,129,367,12341,835471,335904,119112,1235181,304472,152595,1082586,1040131,1192726,2275312,1503,2236,4198,1695,194,62452,38721,8118,125,307545,551080,2017,1,0,-82.574078,27.499123,13,2,2017,-1,{27ddc34c-c212-40af-926f-ed49b9a7953f}
-80.40147299999995,27.639816000000053,FL,FL0036,FSCS5038,INDIAN RIVER COUNTY LIBRARY,1600 21ST STREET,VERO BEACH,32960,3461,1600 21ST STREET,VERO BEACH,32960,3461,INDIAN RIVER,7727705060.0,ME,CO,MO,Y,CO1,N,10/01/2016,09/30/2017,148962,146455,1,3,0,2.0,15.0,28.0,43.0,3526347,98318,0,10802,3635467,1735131,586302,2321433,397506,211824,68258,677588,691870,3690891,0,0,0,0,0,287162,427734,8913,26237,925,23532,47,15,70,85,984,7680,559943,326580,106236,1065444,237336,60465,920500,243083,303548,1224048,293,468,2354,537,60,57504,14580,510,106,161906,8276,2017,1,0,-80.401473,27.639816,13,2,2017,102,{538c233c-ea4d-44f4-b351-3efba79a8886}
-81.84314699999999,27.873458000000028,FL,FL8001,FL8001,POLK COUNTY LIBRARY COOPERATIVE,2150 S. BROADWAY AVE.,BARTOW,33830,7138,2150 S. BROADWAY AVE.,BARTOW,33830,7138,POLK,8635197958.0,HQ,MJ,MO,Y,CO2,N,10/01/2016,09/30/2017,661645,650512,0,17,1,32.5,53.5,82.35,135.85,9806952,436894,9087,158767,10411700,4273851,1709155,5983006,638274,199117,262103,1099494,3393368,10475868,152400,0,0,0,152400,125861,596649,29121,37799,459,71605,2,54,70,124,493,44833,1677060,283994,678403,2055843,645306,255585,1703979,31676,287261,1991240,3756,2688,3575,1642,218,82252,56983,3231,270,265667,183399,2017,1,0,-81.843147,27.873458,21,4,2017,122,{94dd9773-3ce1-42fd-9e0a-883585eca871}
-82.84610399999997,27.89791400000007,FL,FL0256,FL0256,INDIAN ROCKS BEACH LIBRARY,1507 BAY PALM BOULEVARD,INDIAN ROCKS BEACH,33785,2827,1507 BAY PALM BOULEVARD,INDIAN ROCKS BEACH,33785,2827,PINELLAS,7275961822.0,NO,CI,SO,Y,CI1,N,10/01/2016,09/30/2017,4380,4306,1,0,0,0.98,1.03,0.0,1.03,92698,2201,0,0,94899,-9,-9,-9,7752,4595,2932,15279,-9,83938,0,0,0,0,0,1833,-1,5012,154,0,1605,0,2,70,72,5,2300,8200,1538,1903,-1,4446,-1,-1,-1,-1,-1,285,0,83,27,0,499,411,0,5,4928,-1,2017,4,0,-82.846104,27.897914,21,3,2017,-1,{f84e7cd6-4c27-4ca5-89ed-ca5b88c7591c}
-82.46153099999998,27.95097000000004,FL,FL0035,FL0035,HILLSBOROUGH COUNTY PUBLIC LIBRARY COOPERATIVE,900 NORTH ASHLEY DRIVE,TAMPA,33602,3704,900 NORTH ASHLEY DRIVE,TAMPA,33602,3704,HILLSBOROUGH,8132733660.0,ME,CO,MO,Y,CO1,N,10/01/2016,09/30/2017,1379302,1356093,0,28,2,141.75,141.75,227.83,369.58,42675289,1050850,0,1508477,45234616,15385800,5317638,20703438,2317263,2692027,537643,5546933,14205130,40455501,5791184,0,0,0,5791184,732991,1689370,261828,117327,49160,289686,37366,74,70,144,2452,75267,4222292,918530,722878,7021509,3238252,1979885,5041624,1534625,3514510,8556134,940,2304,14462,6672,1388,302203,209071,22376,1197,668315,3646865,2017,1,0,-82.461531,27.95097,11,1,2017,100,{e67f956f-0055-4a59-85c2-c3b80066901d}
-82.78175999999996,27.96570600000007,FL,FL0127,FL0127,PINELLAS PUBLIC LIBRARY COOPERATIVE,1330 CLEVELAND STREET,CLEARWATER,33755,5103,1330 CLEVELAND STREET,CLEARWATER,33755,5103,PINELLAS,7274418408.0,HQ,MJ,MA,Y,CO2,N,10/01/2016,09/30/2017,938344,922555,0,25,0,128.16,137.04,232.85,369.89,30130537,0,51658,656645,30838840,13838586,4658829,18497415,1666431,690397,523398,2880226,7302775,28680416,3452615,0,0,23740,3476355,237798,1703649,603575,131370,351836,180976,18262,124,70,194,1924,63882,4031792,639370,944522,5474513,1397116,533622,4749729,831163,1364785,6114514,10611,4784,13316,5607,1126,301118,193523,18447,900,773265,379550,2017,1,0,-82.78176,27.965706,12,2,2017,121,{c261696c-64b5-4c03-9279-170720267063}
-82.71629299999995,28.250225000000057,FL,FL0064,FSCS5075,NEW PORT RICHEY PUBLIC LIBRARY,5939 MAIN STREET,NEW PORT RICHEY,34652,2715,5939 MAIN STREET,NEW PORT RICHEY,34652,2715,PASCO,7278531279.0,NO,CI,MO,Y,CI1,N,10/01/2016,09/30/2017,15764,15499,1,1,0,5.0,5.0,8.09,13.09,896816,31179,0,31978,959973,461675,126068,587743,59273,51772,20405,131450,352994,1072187,0,0,0,0,0,2620,63421,30077,3288,5830,7189,36,23,70,93,104,2753,359249,50272,39194,180883,46058,13302,130238,-1,13302,143540,261,1059,1413,309,156,41288,20886,3558,42,26351,5628,2017,1,0,-82.716293,28.250225,21,3,2017,120,{b550d484-fe94-477c-aab7-bc5e7cf02045}
-81.40413499999994,28.29232600000006,FL,FL0109,FSCS5062,OSCEOLA LIBRARY SYSTEM,211 E. DAKIN AVENUE,KISSIMMEE,34741,5725,211 E. DAKIN AVENUE,KISSIMMEE,34741,5725,OSCEOLA,4077428888.0,ME,CO,MO,Y,CO1,N,10/01/2016,09/30/2017,337614,331933,1,5,0,9.5,11.5,47.5,59.0,6266645,172317,0,173833,6612795,1694203,600508,2294711,493205,225116,102530,820851,3949501,7065063,0,0,0,0,0,2456801,208977,438326,9162,98454,20683,24450,13,70,83,259,19968,848149,788364,115271,942107,388322,101032,841075,188455,289487,1130562,322,1231,3812,1865,542,68509,58808,3688,230,214314,-1,2017,1,0,-81.404135,28.292326,13,2,2017,119,{fe16c482-e370-4cc8-aca8-f05a2ba86142}
-82.68255999999997,28.35431600000004,FL,FL0065,FL0065,PASCO COUNTY PUBLIC LIBRARY COOPERATIVE,8012 LIBRARY ROAD,HUDSON,34667,6988,8012 LIBRARY ROAD,HUDSON,34667,6988,PASCO,7278613020.0,HQ,CO,MO,Y,CO1,N,10/01/2016,09/30/2017,505709,497200,0,8,0,25.0,25.0,80.0,105.0,6690151,161248,96572,104544,7052515,3310453,1253651,4564104,452443,195933,80387,728763,1197766,6490633,68204,0,0,0,68204,53966,435636,22830,12224,7263,29325,15442,8,70,78,799,16796,778570,108674,249625,1284829,390351,199814,1085015,586782,786596,1871611,1368,4032,3987,1725,666,100643,65012,12124,205,116950,-1,2017,1,0,-82.68256,28.354316,21,3,2017,120,{0b9c79dd-6142-4303-b5d1-3adccc82a9c4}
-80.73033899999996,28.35999300000003,FL,FL0011,FSCS5009,BREVARD COUNTY LIBRARY SYSTEM,308 FORREST AVENUE,COCOA,32922,7723,308 FORREST AVENUE,COCOA,32922,7723,BREVARD,3216331801.0,ME,CO,MO,Y,MC1,N,10/01/2016,09/30/2017,575211,565532,1,16,1,41.45,76.08,126.28,202.36,16296538,431736,0,798506,17526780,7462413,2478692,9941105,944073,122085,242148,1308306,3489177,14738588,125100,0,0,0,125100,571595,1146419,21715,68479,199,122335,0,0,70,70,3944,44593,2480065,1307933,327478,4233570,1404071,339713,3893857,509867,849580,4743437,9,21,6666,3046,297,121708,73480,12484,442,363437,204137,2017,2,0,-80.730339,28.359993,21,4,2017,78,{3fcf13a0-3b7d-4fd8-ba57-9919604d3a06}
-81.37733599999996,28.542205000000024,FL,FL0005,FSCS5060,ORANGE COUNTY LIBRARY DISTRICT,101 EAST CENTRAL BLVD.,ORLANDO,32801,2429,101 EAST CENTRAL BLVD.,ORLANDO,32801,2429,ORANGE,4078357323.0,NO,LD,MO,Y,CO2,N,10/01/2016,09/30/2017,1267162,1245840,1,15,0,35.0,69.0,255.0,324.0,37169079,988618,64000,2075637,40297334,16035753,6016360,22052113,1331214,2528054,714087,4573355,12782362,39407830,31585,0,0,0,31585,2960337,1230756,467163,64214,95280,314253,16054,31,70,101,1011,48932,3872913,1408684,431405,9854478,2956343,3886675,7311802,-1,3886674,11198476,9723,9495,31726,8288,1015,595709,250184,18213,359,666275,308237,2017,2,0,-81.377336,28.542205,11,2,2017,118,{13841b0d-383a-40a4-b18a-dacafb616cb1}
-82.38758999999999,28.556875000000048,FL,FL0106,FSCS5035,HERNANDO COUNTY PUBLIC LIBRARY SYSTEM,238 HOWELL AVE,BROOKSVILLE,34601,2040,238 HOWELL AVE,BROOKSVILLE,34601,2040,HERNANDO,3527544043.0,ME,CO,MO,Y,CO1,N,10/01/2016,09/30/2017,181882,178822,1,3,0,9.0,11.0,25.2,36.2,2372198,633424,0,59002,3064624,1262709,539706,1802415,198804,65859,39384,304047,377893,2484355,0,0,0,0,0,0,144418,21683,6597,7866,9324,36,9,70,79,149,8226,319595,255880,122503,540569,164576,76984,505481,40140,117124,622605,323,2929,1455,457,108,20291,11953,855,110,75649,117453,2017,1,0,-82.38759,28.556875,22,3,2017,98,{be128b0a-60a5-45c0-913a-d376223d0191}
-81.34631399999995,28.595965000000035,FL,FL0054,FSCS5061,WINTER PARK PUBLIC LIBRARY,460 E. NEW ENGLAND AVENUE,WINTER PARK,32789,4428,460 E. NEW ENGLAND AVENUE,WINTER PARK,32789,4428,ORANGE,4076233300.0,ME,CI,SO,Y,CI1,N,10/01/2016,09/30/2017,29317,28824,1,0,0,12.0,12.0,21.0,33.0,2015146,75562,0,802036,2892744,1313878,282868,1596746,106492,64901,47349,218742,990225,2805713,0,0,0,0,0,0,103502,58957,15049,1045,17188,0,12,70,82,277,3504,179385,100138,11354,431749,169906,20123,411626,22961,43084,454710,684,527,1975,655,358,31395,15738,2509,25,14809,64793,2017,1,0,-81.346314,28.595965,21,4,2017,118,{17b00bab-1bfa-4100-91d7-e4b7eeb2cbe1}
-81.36558999999994,28.62384300000008,FL,FL0053,FSCS5059,MAITLAND PUBLIC LIBRARY,501 SOUTH MAITLAND AVENUE,MAITLAND,32751,5621,501 SOUTH MAITLAND AVENUE,MAITLAND,32751,5621,ORANGE,4076477700.0,ME,CI,SO,Y,CI1,N,10/01/2016,09/30/2017,17401,17108,1,0,0,4.96,5.96,7.67,13.63,713693,17566,0,37708,768967,438681,97456,536137,44006,32544,8837,85387,103700,725224,0,0,0,0,0,0,62991,20924,3996,15223,4599,36,6,70,76,612,3013,152498,30122,8744,100034,46742,10527,89507,-1,10527,100034,384,0,877,390,0,23126,16833,0,13,12320,-1,2017,2,0,-81.36559,28.623843,21,4,2017,118,{bcc03dd2-4db6-4fbe-8065-6cd7086b9a67}
-81.36583899999994,28.65864700000003,FL,FL0094,FSCS5092,ALTAMONTE SPRINGS CITY LIBRARY,281 NORTH MAITLAND AVENUE,ALTAMONTE SPRINGS,32701,4907,281 NORTH MAITLAND AVENUE,ALTAMONTE SPRINGS,32701,4907,SEMINOLE,4075718830.0,NO,CI,SO,Y,CI1,N,10/01/2016,09/30/2017,44482,43734,1,0,0,3.5,4.5,3.0,7.5,427871,11933,0,0,439804,250339,98749,349088,28048,23361,3919,55328,16630,421046,0,0,0,0,0,6824,34602,3078,1293,260,3576,0,5,70,75,18,2496,52459,11792,17689,63973,24447,5177,58796,-1,5177,63973,794,0,568,176,0,4179,3174,0,16,15720,-1,2017,2,0,-81.365839,28.658647,21,4,2017,127,{de5303a9-3352-40f6-b208-637dc8723aab}
-81.33575099999996,28.661762000000067,FL,FL0095,FSCS5093,SEMINOLE COUNTY PUBLIC LIBRARY SYSTEM,215 N. OXFORD ROAD,CASSELBERRY,32707,4292,215 N. OXFORD ROAD,CASSELBERRY,32707,4292,SEMINOLE,4076651505.0,NO,CO,MO,Y,CO1,N,10/01/2016,09/30/2017,454757,447105,1,4,0,25.5,29.5,45.5,75.0,6260659,159943,0,46681,6467283,2867419,940086,3807505,810214,232152,60984,1103350,1556428,6467283,0,0,0,0,0,0,596616,229881,18843,55812,5770,15428,20,70,90,567,16145,1628057,825503,332610,1754995,0,181991,1446635,126469,308460,1755095,0,0,3061,2098,167,78677,63836,2864,90,117345,104733,2017,1,0,-81.335751,28.661762,21,4,2017,127,{3283fb2d-5940-4a5d-80c7-50769ed9cf46}
-81.75216399999994,28.789528000000075,FL,FL0039,FSCS5042,LAKE COUNTY LIBRARY SYSTEM,2401 WOODLEA RD.,TAVARES,32778,5404,P. O. BOX 7800,TAVARES,32778,7800,LAKE,3522536180.0,ME,CC,MA,Y,CO2,N,10/01/2016,09/30/2017,331724,326142,0,15,0,26.0,34.0,77.78,111.78,7460281,201152,153629,132045,7947107,3691690,1457665,5149355,386951,75949,99992,562892,1609237,7321484,0,0,0,0,0,174332,534161,11600,34192,999,52839,163,13,70,83,856,34384,1554776,262678,117292,1400269,542538,180424,1400269,658091,838515,2238784,0,0,7604,3148,1254,161681,107799,13494,444,360338,208231,2017,1,0,-81.752164,28.789528,22,4,2017,106,{8224e248-2249-4b41-b9cc-a1fec767848d}
-81.68156599999998,28.854163000000028,FL,FL0123,FSCS4000,EUSTIS MEMORIAL LIBRARY,120 NORTH CENTER STREET,EUSTIS,32726,3512,120 NORTH CENTER STREET,EUSTIS,32726,3512,LAKE,3523575302.0,NO,CI,SO,Y,CI1,N,10/01/2016,09/30/2017,20880,20529,1,0,0,5.0,5.0,0.0,5.0,902058,0,13104,10746,925908,517869,189212,707081,55190,21250,24090,100530,81750,889361,86595,0,0,22160,108755,116123,119805,2884,2393,32,7382,0,2,70,72,139,2636,74678,11916,11074,132289,16382,2880,129409,-1,2880,132289,66,319,210,159,38,7061,4307,1699,25,13403,11200,2017,2,0,-81.681566,28.854163,22,4,2017,106,{9cfb03b6-586a-495a-8d03-a284fb92f89a}
-82.02049499999998,28.86216900000005,FL,FL0146,FL0146,SUMTER COUNTY LIBRARY SYSTEM,"7375 POWELL ROAD, SUITE 150",WILDWOOD,34785,4203,"7375 POWELL ROAD, SUITE 150",WILDWOOD,34785,4203,SUMTER,3526894560.0,NO,CO,MO,Y,CO1,N,10/01/2016,09/30/2017,120700,118669,0,5,0,4.0,4.0,34.5,38.5,2424346,506999,0,62555,2993900,65106,18989,84095,397359,139090,119705,656154,2275191,3015440,0,0,0,0,0,0,92010,6981,4489,1378,21508,0,13,70,83,80,13690,421368,10056,89897,812587,78224,104261,708326,203932,308193,1016519,210,3291,971,443,15,11869,4977,61,83,64493,45591,2017,2,0,-82.020495,28.862169,41,8,2017,128,{ec883686-64cb-4354-b63d-1a81092bf696}
-82.44222999999994,28.910374000000047,FL,FL0018,FSCS5016,CITRUS COUNTY LIBRARY SYSTEM,425 W. ROOSEVELT BOULEVARD,BEVERLY HILLS,34465,4281,425 W. ROOSEVELT BOULEVARD,BEVERLY HILLS,34465,4281,CITRUS,3527469077.0,ME,CO,MO,Y,CO1,N,10/01/2016,09/30/2017,143801,141381,0,5,0,4.0,14.0,31.35,45.35,2687363,78546,0,169381,2935290,1305076,489126,1794202,128513,100702,19545,248760,972093,3015055,25000,0,0,0,25000,0,200973,12808,7211,1432,13741,0,5,70,75,211,11635,406703,50440,91613,588789,86768,65859,522930,53424,119283,642213,2205,7828,3267,832,98,50767,20239,1374,138,111791,30319,2017,1,0,-82.44223,28.910374,23,4,2017,81,{9a180b9d-17c1-4c79-ae8a-bf8760aeea89}
-82.46548099999995,28.990593000000047,FL,FL0118,FSCS0001,CITRUS SPRINGS MEMORIAL LIBRARY,1826 W COUNTRY CLUB BLVD,CITRUS SPRINGS,34434,5122,1826 W COUNTRY CLUB BLVD,CITRUS SPRINGS,34434,5122,CITRUS,3524892313.0,NO,CI,SO,Y,CI1,N,10/01/2016,09/30/2017,8622,8477,1,0,0,0.45,2.21,1.98,4.19,225019,7580,0,8405,241004,111302,33055,144357,14792,3930,3968,22690,56016,223063,0,0,0,0,0,12720,-1,29282,1040,15861,2119,926,2,70,72,64,2095,30811,5248,5981,-1,9083,-1,-1,-1,-1,-1,283,395,200,107,0,3592,2249,0,15,8559,-1,2017,4,0,-82.465481,28.990593,23,4,2017,81,{4db64cac-6d12-41ba-8393-8a85af6eb410}
-81.14553399999994,29.14403200000004,FL,FL0099,FSCS5100,VOLUSIA COUNTY PUBLIC LIBRARY,1290 INDIAN LAKE RD.,DAYTONA BEACH,32124,1038,1290 INDIAN LAKE RD.,DAYTONA BEACH,32124,1038,VOLUSIA,3862481745.0,ME,CO,MA,Y,CO1,N,10/01/2016,09/30/2017,523405,514598,0,13,0,56.0,61.0,120.5,181.5,15472550,431097,3389,1054095,16961131,6584175,2987994,9572169,1021126,735776,460528,2217430,4518198,16307797,0,0,0,0,0,178532,532662,369704,47167,2330875,103358,55109,24,70,94,943,32562,2119089,719815,235581,3452307,1050047,522832,2929475,570902,1093734,4023209,971,162,5393,2631,811,124073,70788,17422,310,343794,427480,2017,1,0,-81.145534,29.144032,41,8,2017,132,{39be2ed2-4666-45e0-9ae8-e86ca80d81a6}
-82.10020999999995,29.188671000000056,FL,FL0001,FSCS5000,MARION COUNTY PUBLIC LIBRARY SYSTEM,2720 EAST SILVER SPRINGS BLVD.,OCALA,34470,7006,2720 EAST SILVER SPRINGS BLVD.,OCALA,34470,7006,MARION,3526718551.0,NO,CO,MO,Y,CO1,N,10/01/2016,09/30/2017,349267,343390,1,7,0,23.0,40.0,64.73,104.73,5050625,54658,0,174033,5279316,3017759,1208995,4226754,236500,153269,0,389769,762793,5379316,0,0,0,0,0,0,537883,110731,26501,7392,26292,0,22,70,92,326,17528,1013109,899103,212920,970540,330943,59451,911089,383047,442498,1353587,2127,967,2254,1064,176,66020,43986,6489,207,175721,-1,2017,1,0,-82.10021,29.188671,13,2,2017,113,{fd65e521-6791-43a0-a059-5b038d2464e7}
-82.64150699999999,29.46329000000003,FL,FL0259,FL7000,PAL PUBLIC LIBRARY COOPERATIVE,7871 NE 90TH STREET,BRONSON,32621,3979,7871 NE 90TH STREET,BRONSON,32621,3979,LEVY,3524865552.0,HQ,MJ,MO,Y,MC1,N,10/01/2016,09/30/2017,374194,367898,0,23,2,60.5,62.5,162.64,225.14,17333667,1149626,0,640910,19124203,8050066,3350601,11400667,888409,838735,382151,2109295,3433566,16943528,44167,0,0,60800,104967,1818163,584481,112144,67773,20940,123422,4829,45,70,115,1405,51288,1498098,328633,223128,4252793,1215455,703170,3348417,110842,814012,4162429,4109,9676,9967,4433,1417,149909,90837,14283,334,377753,531530,2017,1,0,-82.641507,29.46329,42,7,2017,109,{179ea424-c04f-4119-9140-55004951ebef}
-81.12826599999994,29.476162000000045,FL,FL0028,FSCS5029,FLAGLER BEACH PUBLIC LIBRARY,315 SOUTH SEVENTH STREET,FLAGLER BEACH,32136,3640,P.O. BOX 449,FLAGLER BEACH,32136,449,FLAGLER,3865172030.0,NO,CI,SO,Y,CI1,N,10/01/2016,09/30/2017,4625,4547,1,0,0,0.16,1.61,0.9,2.51,82443,1485,0,2884,86812,51603,12134,63737,8186,744,2134,11064,25308,100109,0,0,0,0,0,1936,-1,28184,595,27449,1388,1433,2,70,72,63,1678,16529,3861,4295,-1,4695,-1,-1,-1,-1,-1,300,303,87,51,0,1415,1009,0,14,5204,-1,2017,4,0,-81.128266,29.476162,21,4,2017,-1,{59608164-0f45-4cb5-a7a9-e94e0d28eb81}
-81.23908199999994,29.553353000000072,FL,FL0029,FSCS5030,FLAGLER COUNTY PUBLIC LIBRARY,2500 PALM COAST PARKWAY NW,PALM COAST,32137,4731,2500 PALM COAST PARKWAY NW,PALM COAST,32137,4731,FLAGLER,3864466763.0,ME,CO,MO,Y,CO1,N,10/01/2016,09/30/2017,105157,103388,1,1,0,3.0,3.0,15.1,18.1,1109862,29667,0,137904,1277433,566139,237090,803229,121512,57814,24662,203988,134954,1142171,0,0,0,0,0,0,136669,11059,5184,684,8041,0,13,70,83,48,4496,315398,39628,55262,406000,115043,27738,378262,119635,147373,525635,991,285,649,350,279,18736,12363,5207,55,48911,29838,2017,1,0,-81.239082,29.553353,21,4,2017,89,{b231f65f-205a-4740-ab0c-d521cc934ef7}
-84.99051599999996,29.721849000000077,FL,FL8002,FL8002,APALACHICOLA MUNICIPAL LIBRARY,80 12TH STREET,APALACHICOLA,32320,2003,80 12TH STREET,APALACHICOLA,32320,2003,FRANKLIN,8506538436.0,NO,CI,SO,Y,CI1,N,10/01/2016,09/30/2017,2333,2294,1,0,0,0.0,0.78,0.0,0.78,51240,0,0,20574,71814,-9,-9,-9,4129,375,1077,5581,-9,53585,0,0,0,0,0,976,-1,0,400,0,0,0,1,70,71,6,1565,9737,0,1904,-1,2368,-1,-1,-1,-1,-1,152,153,44,33,0,1413,509,0,6,2625,-1,2017,4,0,-84.990516,29.721849,33,7,2017,90,{153410fe-df18-4359-b166-702bb69f7469}
-81.31313099999994,29.758722000000034,FL,FL0091,FSCS5094,ST. JOHNS COUNTY PUBLIC LIBRARY SYSTEM,6670 US 1 SOUTH,ST. AUGUSTINE,32086,7693,6670 US 1 SOUTH,ST. AUGUSTINE,32086,7693,ST. JOHNS,9048276925.0,ME,CO,MO,Y,CO1,N,10/01/2016,09/30/2017,229715,225850,0,6,2,23.5,23.5,48.23,71.73,5903958,169016,0,301557,6374531,3106272,1211495,4317767,485922,229015,246874,961811,856593,6136171,119648,0,0,0,119648,81755,262069,222001,33184,54293,42140,15443,16,70,86,390,14376,916282,414442,95779,1725569,621204,149048,1576521,-1,149048,1725569,1156,1933,3219,1664,321,105822,66219,5518,149,87014,-1,2017,2,0,-81.313131,29.758722,41,8,2017,124,{351c3510-9ff3-4b6e-9dfe-4b696137b7ee}
-82.33816199999995,30.02373700000004,FL,FL0149,FL0149,NEW RIVER PUBLIC LIBRARY COOPERATIVE,110 N. LAKE AVE,LAKE BUTLER,32054,1736,110 N. LAKE AVE,LAKE BUTLER,32054,1736,UNION,3864962526.0,HQ,MJ,MA,Y,MC1,N,10/01/2016,09/30/2017,70780,69589,0,3,2,2.0,4.0,24.6,28.6,749628,788039,0,120246,1657913,740198,290032,1030230,84904,55968,2630,143502,372962,1546694,0,0,0,0,0,36462,147237,40887,5368,7921,4321,0,7,70,77,139,8422,298964,31038,32888,158573,56887,13251,103007,1829,15080,118087,831,253,417,191,76,13601,9442,1713,60,34867,69595,2017,1,0,-82.338162,30.023737,32,7,2017,131,{52987b3a-f892-4a78-823b-96754f006cc8}
-83.17873399999996,30.053012000000024,FL,FL0147,FL0147,THREE RIVERS REGIONAL LIBRARY SYSTEM,305 W. MAIN ST.,MAYO,32066,4036,PO BOX 1340,MAYO,32066,340,LAFAYETTE,3862943856.0,ME,MJ,MA,Y,MC1,N,10/01/2016,09/30/2017,64724,63635,0,6,1,1.0,5.0,13.0,18.0,422299,545432,0,15642,983373,472761,187692,660453,36863,10600,0,47463,303334,1011250,0,0,0,0,0,0,140529,40956,4089,2736,10947,0,0,70,70,138,12942,203467,10447,43917,138277,28332,12724,125553,0,12724,138277,1367,1478,1230,273,66,16822,7737,727,55,33226,26525,2017,1,0,-83.178734,30.053012,43,7,2017,105,{95bd81f1-d604-4556-93f8-3f7849aac9d2}
-81.71179799999999,30.092391000000077,FL,FL0019,FSCS5017,CLAY COUNTY PUBLIC LIBRARY SYSTEM,1895 TOWN CENTER BLVD.,FLEMING ISLAND,32003,6315,1895 TOWN CENTER BLVD.,FLEMING ISLAND,32006,6315,CLAY,9042784745.0,ME,CO,MO,Y,CO1,N,10/01/2016,09/30/2017,208549,205040,1,4,0,7.0,7.0,45.0,52.0,2519327,58347,0,0,2577674,1597167,470720,2067887,168045,36966,34352,239363,270424,2577674,0,0,0,0,0,0,276815,964,15252,0,18049,0,3,70,73,143,11762,457931,33725,83709,585927,234370,11119,574808,-1,11119,585927,141,965,1224,949,28,25759,19451,251,103,61386,19402,2017,1,0,-81.711798,30.092391,21,3,2017,82,{0bb027e8-0b26-4190-a29b-2389b7bc95ed}
-85.67269199999998,30.167984000000047,FL,FL0004,FL0004,NORTHWEST REGIONAL LIBRARY SYSTEM,898 WEST 11TH STREET,PANAMA CITY,32412,2336,PO BOX 59625,PANAMA CITY,32412,625,BAY,8505222100.0,NO,MJ,MO,Y,MC1,N,10/01/2016,09/30/2017,203836,200406,1,7,0,13.0,16.0,27.53,43.53,2264548,535501,15706,185004,3000759,1469856,534201,2004057,193393,40452,34549,268394,804746,3077197,0,0,0,0,0,0,263114,3614,12963,912,16941,0,8,70,78,140,14842,412359,39060,77497,634014,250791,36394,597690,-1,36394,634084,3337,1627,2115,856,53,40086,26236,895,151,133243,36030,2017,1,0,-85.672692,30.167984,13,2,2017,-1,{7fd86164-cfa4-496c-87d0-c5d2d4e3b080}
-82.63799799999998,30.19253100000003,FL,FL0021,FSCS5019,COLUMBIA COUNTY PUBLIC LIBRARY,308 NW COLUMBIA AVENUE,LAKE CITY,32055,2836,308 NW COLUMBIA AVENUE,LAKE CITY,32055,2836,COLUMBIA,3867581018.0,ME,CO,MO,Y,CO1,N,10/01/2016,09/30/2017,68943,67783,1,2,0,4.0,6.75,17.95,24.7,1034154,595738,0,17090,1646982,729144,260662,989806,105992,18966,23423,148381,373707,1511894,0,0,0,0,0,0,118593,36955,5148,649,9206,0,6,70,76,169,7181,208004,54099,12890,290325,79557,9556,280769,-1,9556,290325,2006,1209,734,448,8,13746,11629,54,48,41150,-1,2017,2,0,-82.637998,30.192531,32,6,2017,84,{d59c5f72-a7ed-4642-8dc3-7e0d05ed7a75}
-85.64860699999997,30.24522200000007,FL,FL8004,FL8004,LYNN HAVEN PUBLIC LIBRARY,901 OHIO AVENUE,LYNN HAVEN,32444,2353,901 OHIO AVENUE,LYNN HAVEN,32444,2353,BAY,8502652781.0,ME,CI,SO,Y,CI1,N,10/01/2016,09/30/2017,20886,20535,1,0,0,0.0,3.75,0.0,3.75,244723,0,0,7905,252628,131004,49345,180349,16502,1000,2498,20000,35115,235464,0,0,0,0,0,0,26272,2219,1005,5762,888,0,1,70,71,13,2042,39315,5301,7379,28352,6712,-1,-1,-1,-1,-1,44,77,69,47,6,950,817,18,9,6101,489,2017,1,0,-85.648607,30.245222,22,4,2017,76,{c64d38b7-4079-48f7-b43b-e3fb93540e43}
-82.98874699999999,30.27615700000007,FL,FL0007,FSCS5005,SUWANNEE RIVER REGIONAL LIBRARY SYSTEM,1848 OHIO/M L KING AVENUE SOUTH,LIVE OAK,32064,M,1848 OHIO/M L KING AVENUE SOUTH,LIVE OAK,32064,,SUWANNEE,3863622317.0,ME,MJ,MO,Y,MC1,N,10/01/2016,09/30/2017,78730,77405,0,8,0,4.0,4.0,38.0,42.0,1990146,1533391,9000,0,3532537,1129336,437020,1566356,144000,97000,12188,253188,1497980,3317524,0,0,0,0,0,0,205498,9704,10807,649,32627,0,8,70,78,296,16796,296531,86788,60420,286107,69619,10353,275754,6416,16769,292523,496,1482,4677,2334,542,77385,49252,3781,163,77654,39660,2017,1,0,-82.988747,30.276157,33,6,2017,129,{04ec51cc-ce5a-4431-8d44-023765312e2e}
-81.65873999999997,30.328915000000052,FL,FL0003,FSCS5002,JACKSONVILLE PUBLIC LIBRARY,303 LAURA STREET NORTH,JACKSONVILLE,32202,3505,303 LAURA STREET NORTH,JACKSONVILLE,32202,3505,DUVAL,9046302665.0,ME,MJ,MO,Y,MC1,N,10/01/2016,09/30/2017,936811,921048,1,20,0,95.0,95.0,304.03,399.03,31983745,874255,87000,660272,33605272,12871255,5511315,18382570,2392447,1540994,430745,4364186,10870719,33617475,514154,0,0,0,514154,177,1783881,320894,145700,356547,143901,16508,80,70,150,2826,49712,3403267,638725,777034,5110204,1665759,330907,4779297,-1,330907,5110204,7356,3355,14455,6165,1232,236518,159972,19119,1040,676956,-1,2017,1,0,-81.65874,30.328915,11,1,2017,87,{ea832d3d-9c2e-4050-8bb4-db0374c84903}
-87.21894999999995,30.41575000000006,FL,FL0008,FSCS5006,WEST FLORIDA PUBLIC LIBRARY,239 NORTH SPRING STREET,PENSACOLA,32502,4825,239 NORTH SPRING STREET,PENSACOLA,32502,4825,ESCAMBIA,8505300116.0,NO,CO,MO,Y,CO1,N,10/01/2016,09/30/2017,313381,308108,1,6,1,22.0,22.0,73.0,95.0,5330058,145431,6496,150387,5632372,2535204,812014,3347218,290814,121948,119202,531964,1169457,5048639,0,0,6496,0,6496,6496,253187,24657,47633,5721,39232,175,19,70,89,383,18304,682081,60050,124631,798959,235058,68772,730187,264878,333650,1063837,1993,3187,858,578,19,23259,20813,298,187,101383,56033,2017,1,0,-87.21895,30.41575,13,2,2017,88,{24464898-429a-4da4-875e-023405ae66dd}
-84.28320699999995,30.442248000000063,FL,FL0044,FSCS5047,LEROY COLLINS LEON COUNTY PUBLIC LIBRARY SYST,200 WEST PARK AVENUE,TALLAHASSEE,32301,7716,200 WEST PARK AVENUE,TALLAHASSEE,32301,7716,LEON,8506062665.0,ME,CO,MO,Y,CO1,N,10/01/2016,09/30/2017,287899,283055,1,6,1,35.0,35.0,68.0,103.0,6866639,172272,0,2108,7041019,3805740,1359407,5165147,371521,118211,132575,622307,737103,6524557,500,0,0,0,500,500,667408,3767,31243,9562,35810,56,11,70,81,218,15645,970628,245388,193395,1423260,553494,85408,1406925,-1,85408,1492333,7628,6315,1271,963,43,30711,16967,400,159,293930,97135,2017,1,0,-84.283207,30.442248,12,2,2017,108,{e4ba9db7-8a17-43db-9da0-0ddab6e01976}
-86.57897499999996,30.44600500000007,FL,FL0260,FL0260,SHALIMAR PUBLIC LIBRARY,6 TENTH AVENUE,SHALIMAR,32579,1399,6 TENTH AVENUE,SHALIMAR,32579,1399,OKALOOSA,8506519906.0,NO,CI,SO,Y,CI1,N,10/01/2016,09/30/2017,813,799,1,0,0,0.28,0.28,0.16,0.44,14492,1485,0,2884,18861,-9,-9,-9,1439,131,375,1945,-9,17598,0,0,0,0,0,340,-1,28184,105,4825,244,252,0,70,70,11,1678,2906,679,755,-1,825,-1,-1,-1,-1,-1,53,53,15,9,0,249,177,0,2,915,-1,2017,4,0,-86.578975,30.446005,22,4,2017,116,{6d57bec5-7e7b-4e2e-a44a-98550ec976a8}
-86.47632399999998,30.52282900000006,FL,FL8003,FL8003,OKALOOSA COUNTY PUBLIC LIBRARY COOPERATIVE,206 N. PARTIN DR.,NICEVILLE,32578,1244,206 N. PARTIN DR.,NICEVILLE,32578,1244,OKALOOSA,8506095102.0,HQ,MJ,MA,Y,CO2,N,10/01/2016,09/30/2017,195488,192199,0,6,0,8.0,16.7,36.93,53.63,4104230,96762,0,92171,4293163,1892968,570704,2463672,268499,106842,75786,451127,1351280,4266079,69089,0,0,42900,111989,74855,272160,7843,14305,8108,39290,0,13,70,83,314,14078,491725,158710,73401,734738,284621,60760,703407,2711,63471,766878,1107,1022,2103,1111,322,48881,31963,4654,141,66196,26178,2017,1,0,-86.476324,30.522829,22,4,2017,116,{4219700f-cfca-4077-8158-43977116db38}
-83.88194799999997,30.54502800000006,FL,FL0135,FL0135,WILDERNESS COAST PUBLIC LIBRARIES,1180 WEST WASHINGTON STREET,MONTICELLO,32344,1127,P.O. BOX 551,MONTICELLO,32344,551,JEFFERSON,8509977400.0,ME,MJ,MA,Y,MC1,N,10/01/2016,09/30/2017,58681,57694,0,4,0,4.0,5.0,15.4,20.4,674596,583755,0,258363,1516714,572468,243860,816328,75687,25986,2811,104484,598007,1518819,0,0,0,0,0,10000,95080,27435,2753,4764,7544,0,282,70,352,19,9699,197490,20244,27777,113533,26013,6688,113503,0,6688,120191,328,860,1723,568,103,20308,10644,758,88,36665,66803,2017,1,0,-83.881948,30.545028,42,8,2017,104,{dc05e8a4-2c69-49dd-9201-abc9e08f6d1f}
-84.59252499999997,30.57652900000005,FL,FL0030,FSCS5032,GADSDEN COUNTY PUBLIC LIBRARY,732 S. PAT THOMAS PARKWAY,QUINCY,32351,4210,"732 PAT THOMAS PARKWAY, QUINCY, FL",QUINCY,32351,,GADSDEN,8506277106.0,ME,CO,MO,Y,CO1,N,10/01/2016,09/30/2017,48263,47451,1,2,1,2.0,8.0,4.0,12.0,395000,348470,0,54000,797470,353137,131398,484535,45000,8000,11000,64000,126000,674535,0,0,0,0,0,0,151000,640,3908,50,7025,0,4,70,74,107,8500,98406,3110,41406,58196,11052,-1,-1,-1,-1,-1,362,460,919,805,9,18453,17390,378,79,41336,-1,2017,1,0,-84.592525,30.576529,41,8,2017,91,{cb9dc04c-07e1-4bda-83ff-c6f9dfa09bb0}
-87.05498199999994,30.66277400000007,FL,FL0255,FL0255,SANTA ROSA COUNTY LIBRARY SYSTEM,6275 DOGWOOD DR,MILTON,32570,3500,6275 DOGWOOD DR,MILTON,32570,3500,SANTA ROSA,8509817323.0,NO,CI,MA,Y,CO1,N,10/01/2016,09/30/2017,170835,167960,0,5,0,9.0,9.0,27.0,36.0,1978171,52386,0,0,2030557,988961,451510,1440471,229384,97274,1560,328218,222506,1991195,0,0,0,0,0,0,137592,806,7243,7353,10314,0,26,70,96,125,9900,260080,62868,57568,398597,149499,17375,381222,25157,42532,423754,0,0,416,299,39,8904,6513,422,83,35287,9514,2017,1,0,-87.054982,30.662774,21,4,2017,125,{d95f8770-4ec2-4dfb-9e37-f21ac995e268}
-81.46200399999998,30.67187000000007,FL,FL8005,FL8005,NASSAU COUNTY PUBLIC LIBRARY SYSTEM,25 N. 4TH ST.,FERNANDINA BEACH,32034,4123,25 N. 4TH ST.,FERNANDINA BEACH,32034,4123,NASSAU,9045306500.0,NO,CO,MO,Y,CO1,N,10/01/2016,09/30/2017,80456,79102,1,4,0,6.5,7.5,8.5,16.0,1280012,35986,22099,108813,1446910,666863,180687,847550,0,38914,113996,152910,420146,1420606,0,0,0,0,0,23349,169677,6552,8145,335,9997,0,5,70,75,137,10172,186210,18331,59662,224181,93653,9309,-1,-1,9309,-1,872,1160,397,263,26,10558,9027,131,64,54037,5024,2017,2,0,-81.462004,30.67187,31,3,2017,-1,{363ee89b-e585-4d99-ac88-b27f5ccbd8b4}
-86.11593499999998,30.718481000000054,FL,FL0101,FSCS5102,WALTON COUNTY PUBLIC LIBRARY SYSTEM,3 CIRCLE DRIVE,DEFUNIAK SPRINGS,32435,2542,3 CIRCLE DRIVE,DEFUNIAK SPRINGS,32435,2542,WALTON,8508923624.0,NO,CO,MO,Y,CO1,N,10/01/2016,09/30/2017,65301,64202,1,3,1,3.0,3.0,12.5,15.5,889654,21412,0,23482,934548,465008,181584,646592,67309,2100,6032,75441,132770,854803,0,0,0,0,0,0,97248,5727,5185,1582,9620,0,0,70,70,78,8820,107781,12055,47690,115342,39575,2943,115342,-1,2943,118285,244,712,892,405,42,13473,7807,641,36,30293,11079,2017,1,0,-86.115935,30.718481,32,4,2017,134,{0d490e94-3ec9-4cc9-bfbb-45e4e1d6bac2}
-85.22211099999998,30.773851000000036,FL,FL0136,FL0136,PANHANDLE PUBLIC LIBRARY COOPERATIVE SYSTEM,4487 LAFAYETTE ST. SUITE 4,MARIANNA,32446,3417,4487 LAFAYETTE ST. SUITE 4,MARIANNA,32446,3417,JACKSON,8504829296.0,HQ,MJ,MA,Y,MC1,N,10/01/2016,09/30/2017,85629,84188,0,9,0,3.0,5.0,27.55,32.55,889467,707236,0,38342,1635045,732532,250911,983443,78997,68572,5160,152729,363177,1499349,0,0,0,0,0,0,129194,15466,3625,8253,13041,0,17,70,87,72,12576,182772,67005,35841,134522,39443,15351,77114,4272,19623,96737,966,888,1568,684,408,19313,13697,964,191,37757,831,2017,1,0,-85.222111,30.773851,32,6,2017,103,{043a911c-1d84-4f32-acf2-86146b74beb5}
-85.55298499999998,30.77681000000007,FL,FL8009,FL8043,WASHINGTON COUNTY PUBLIC LIBRARY SYSTEM,1444 JACKSON AVENUE,CHIPLEY,32428,1600,1444 JACKSON AVENUE,CHIPLEY,32428,1600,WASHINGTON,8506381314.0,HQ,CC,MA,Y,CO1,Y,10/01/2016,09/30/2017,24985,24565,1,3,0,1.0,1.0,8.18,9.18,285238,210799,0,0,496037,265614,75700,341314,32927,8902,3080,44909,109814,496037,0,0,0,0,0,0,51428,12740,2777,6670,3263,175,1,70,71,3,5634,56227,1661,12417,49956,18280,9018,40938,2495,11513,52451,0,5,219,164,25,6215,5370,231,49,8776,2607,2017,1,4,-85.552985,30.77681,32,6,2017,135,{d0156dd8-be36-4a91-ada9-f4ade021cb52}
